host,domain,item.counter,occurrence_id,timestamp
whois.namecheap.com,bluecollarholler.com,258,40309599234,1523093100
whois.names4ever.com,gearlog.com,258,40309503221,1523092929
grs-whois.hichina.com,wimgs.com,258,40309493428,1523092910
whois.1and1.com,ohwondermusic.com,258,40309287282,1523092568
whois.rebel.ca,musiccanada.com,258,40309246570,1523092503
whois.namecheap.com,checkdapa.com,258,40309110079,1523092301
whois.web.com,livingnotsurviving.com,258,40309096550,1523092280
whois.namebright.com,howmuchdotheyweigh.com,258,40309054000,1523092218
whois.namecheap.com,66ghz.com,258,40308950325,1523092049
whois.namecheap.com,millerwalks.com,258,40308945291,1523092040
whois.namecheap.com,camerahitech.com,258,40308939538,1523092030
whois.web.com,samanathon.com,258,40308770956,1523091731
whois.crazydomains.com,longitude131.com,258,40308686664,1523091598
whois.namesilo.com,mogultheory.com,258,40308629332,1523091486
whois.domaindiscover.com,smalltowngems.com,258,40308624419,1523091477
whois.discount-domain.com,thekingofvodka.com,258,40308583744,1523091403
whois.domain.com,2chan.net,258,40308540415,1523091322
whois.namecheap.com,endthelie.com,258,40308431481,1523091130
whois.namecheap.com,codefix.net,258,40308391724,1523091058
grs-whois.hichina.com,oggame.com,258,40308364747,1523091001
Whois.bigrock.com,madartvision.com,258,40308312910,1523090894
whois.registermatrix.com,megunyc.com,258,40308254105,1523090788
whois.123-reg.co.uk,eurosoft-uk.com,258,40308173173,1523090630
whois.nameking.com,collegejolt.com,258,40308144533,1523090584
whois.registermatrix.com,nflhistory.net,258,40308079608,1523090465
whois.namebright.com,everydayoutdoor.com,258,40308008072,1523090336
whois.namesilo.com,fightwashingtoncorruption.com,258,40307971552,1523090261
whois.namecheap.com,webupon.com,258,40307813718,1523089953
whois.profilebuilder.com,eglobeandmail.com,258,40307769823,1523089867
whois.namecheap.com,debtmanagementprogramsite.com,258,40307712488,1523089752
whois.registermatrix.com,travel-rants.com,258,40307566508,1523089489
whois.namecheap.com,alyssonfergison.com,258,40307373010,1523089152
whois.dyndns.com,phaseonecg.com,258,40307248588,1523088964
whois.namescout.com,jprishea.com,258,40307186945,1523088866
grs-whois.hichina.com,militarydial.com,258,40307180913,1523088857
whois.namecheap.com,coffeebrewers.net,258,40307074989,1523088698
whois.namecheap.com,wireless-outlook.com,258,40307010368,1523088593
whois.google.com,myrockbandsongs.com,258,40307005909,1523088585
whois.namecheap.com,oxfordcvb.com,258,40306941810,1523088476
whois.gkg.net,fvrit.com,258,40306928980,1523088454
whois.domainit.com,writersdigest.com,258,40306884164,1523088381
whois.namesilo.com,rightnation2010.com,258,40306675746,1523088020
whois.namecheap.com,cash4plutonium.com,258,40306668513,1523088010
whois.discount-domain.com,saikyonews.com,258,40306577174,1523087831
whois.123-reg.co.uk,robinboydenillustration.com,258,40306531740,1523087743
whois.crazydomains.com,infectedthx1138.com,258,40306519503,1523087718
grs-whois.hichina.com,jsd-coffee.com,258,40306518807,1523087717
whois.dyndns.com,billdemong.com,258,40306467697,1523087617
whois.namecheap.com,mamieyoung.com,258,40306436627,1523087553
whois.namebright.com,dealyou.com,258,40306359205,1523087409
whois.namecheap.com,theforextradingsystem.com,258,40306263962,1523087223
whois.discount-domain.com,fitnessdietplans.com,258,40306228073,1523087154
whois.namebright.com,gibberbabble.com,258,40306185829,1523087068
whois2.domain.com,freemacware.com,258,40306103862,1523086906
whois.1and1.com,sellitsafely.com,258,40306070068,1523086839
whois.1and1.com,hoosieraccess.com,258,40306053934,1523086808
whois.onlinenic.com,dailyaz.com,258,40306031835,1523086762
whois.namecheap.com,bitroid.com,258,40305822512,1523086379
whois.namesilo.com,mp3twit.com,258,40305805988,1523086353
whois.web.com,freesourceagency.com,258,40305793373,1523086333
whois.crazydomains.com,movies09.com,258,40305667819,1523086123
whois.domain.com,wists.com,258,40305602714,1523086013
whois.web.com,wiretotheear.com,258,40305599708,1523086009
whois.names4ever.com,convozine.com,258,40305511725,1523085867
whois.discount-domain.com,tips4bd.com,258,40305445631,1523085751
whois.google.com,mycrappyresume.com,258,40305413098,1523085691
whois.google.com,sidewayspony.com,258,40305400441,1523085671
whois.domain.com,wikirank.com,258,40305346511,1523085587
whois2.domain.com,foundshit.com,258,40305280839,1523085483
whois.isimtescil.net,subitotechs.com,258,40305279588,1523085481
whois.directnic.com,singleservecoffeeforums.com,258,40305128613,1523085245
whois.web.com,nzbsrus.com,258,40305075510,1523085159
whois.znetlive.com,wespeaknews.com,258,40305055277,1523085126
whois.namecheap.com,oldmagic.net,258,40304961587,1523084963
whois.uniregistrar.com,druguse.com,258,40304953661,1523084948
whois.namecheap.com,getublock.com,258,40304913430,1523084873
whois.namecheap.com,stafforduk.com,258,40304912210,1523084871
whois.namecheap.com,podsift.com,258,40304911026,1523084869
whois.namecheap.com,indiesub.com,258,40304910127,1523084867
whois.namecheap.com,fewtasks.com,258,40304909491,1523084866
whois.namecheap.com,feedfinish.com,258,40304909197,1523084865
whois.google.com,dancingveggies.com,258,40304903008,1523084853
whois.web.com,sthlmsfinest.com,258,40304901028,1523084849
whois.discount-domain.com,thenewenthusiasm.com,258,40304858319,1523084763
whois.onlinenic.com,whatisinit4me.com,258,40304803746,1523084653
whois.discount-domain.com,ecomudruntour.com,258,40304727040,1523084507
whois.web.com,communityconnectnj.com,258,40304707317,1523084469
whois.namecheap.com,makeawebsitehub.com,258,40304706436,1523084468
whois.web.com,hostpicturefree.com,258,40304652744,1523084380
whois.namecheap.com,nyro.net,258,40304623058,1523084319
whois.uniregistrar.com,modismonet.com,258,40304583725,1523084241
whois.namesilo.com,worldpixelmile.com,258,40304538028,1523084157
whois.namecheap.com,internmemo.com,258,40304500651,1523084087
whois.melbourneit.com,minethings.com,258,40304454059,1523083999
Whois.bigrock.com,forcefactorsupplements.com,258,40304415008,1523083924
whois.discount-domain.com,housingnewslive.com,258,40304385934,1523083866
whois.nic.ru,themoscownews.com,258,40304330034,1523083752
whois.google.com,minus.com,258,40304295874,1523083681
whois.registermatrix.com,dailyepisodes.com,258,40304247871,1523083582
whois.namecheap.com,retipster.com,258,40304239384,1523083564
whois.web.com,redditdirectory.com,258,40304234399,1523083554
whois.web.com,jeffthomastech.com,258,40304216549,1523083517
whois.namesilo.com,askmygirls.com,258,40304197607,1523083478
whois.namecheap.com,petitionbuzz.com,258,40304193965,1523083472
whois.namebright.com,gamingtonic.com,258,40304166018,1523083414
whois.namecheap.com,vertomedical.com,258,40304106454,1523083298
whois.registrar.eu,kambara-coffee.com,258,40304092783,1523083272
whois.registermatrix.com,1001seafoods.com,258,40304090825,1523083268
whois.namecheap.com,mobilemarketer.com,258,40304063651,1523083213
whois.easydns.com,dailygazette.com,258,40304013962,1523083114
whois.joker.com,mlkshk.com,258,40304012797,1523083112
whois.namesilo.com,20sb.net,258,40303951283,1523082998
whois.uniregistrar.com,jobhero.com,258,40303727233,1523082610
whois.namecheap.com,bloggerjet.com,258,40302709311,1523080892
whois.epik.com,kylum.com,258,40297594181,1523072836
whois.1and1.com,joeyl.com,258,40297592187,1523072833
whois.domain.com,breathingcolor.com,258,40297590694,1523072830
whois.namecheap.com,activecampaign.com,258,40295388540,1523069173
whois.namecheap.com,mangomattermedia.com,258,40295350340,1523069104
whois.webnames.ca,albertacanada.com,258,40294343488,1523067368
whois.uniregistrar.com,martt.com,258,40294304506,1523067302
whois.1and1.com,1and1.com,258,40294303804,1523067301
whois.namecheap.com,axiomaim.com,258,40293499436,1523065893
whois.namecheap.com,kangenwateralabama.com,258,40293357314,1523065627
whois.nicline.com,ebcor.com,258,40291717961,1523062807
whois.domain.com,nataliegrant.com,258,40291194937,1523061907
whois.domainpeople.com,footprintsrecruiting.com,258,40288888570,1523058073
whois.google.com,barnard-inc.com,258,40288022706,1523056504
whois.domain.com,norahjones.com,258,40287082277,1523054764
whois.register.it,joerns.com,258,40286650779,1523053867
whois.namecheap.com,neumate.com,258,40286523104,1523053634
whois.directnic.com,omegaonemarketing.com,258,40285216364,1523051171
whois.namescout.com,reigcanada.com,258,40285214987,1523051169
whois.webnames.ca,financialpost.com,258,40283772194,1523048484
whois.fabulous.com,beginner.com,258,40282256612,1523045703
whois.dot.ga,wesjuliyanto744.ga,258,40281510977,1523044336
whois.web.com,latinait.com,258,40281321515,1523043974
whois.google.com,floweriside.com,258,40280763651,1523042894
whois.1api.net,usescout.com,258,40280086374,1523041754
whois.webnames.ca,canadianliving.com,258,40279227782,1523040369
whois.webnames.ca,vancouversun.com,258,40278701034,1523039584
whois.namebright.com,ealthline.com,258,40277514128,1523037671
whois.namebright.com,iccode.com,258,40275417562,1523034068
whois.1and1.com,coalitiontechnologies.com,258,40275375703,1523034003
whois.directnic.com,littlebigtown.com,258,40274886842,1523033234
whois.webnames.ca,ctreit.com,258,40274309675,1523032269
whois.namecheap.com,fenwickre.com,258,40273037708,1523030554
whois.namecheap.com,larlhamhomes.com,258,40272946965,1523030442
whois.namecheap.com,americanportable.com,258,40272942992,1523030436
whois.namecheap.com,tssmithandsonsfarm.com,258,40272937469,1523030429
whois.namecheap.com,mykinderstyle.com,258,40272935484,1523030427
whois.namecheap.com,oacompanies.com,258,40272932178,1523030424
whois.namecheap.com,derricklingo.com,258,40272930226,1523030422
whois.namecheap.com,clendanielplumbingheating.com,258,40272928243,1523030419
whois.namecheap.com,epicdemotour.com,258,40272926215,1523030417
whois.namecheap.com,beaconmotel.com,258,40272923559,1523030414
whois.namecheap.com,delawaresurfcompany.com,258,40272920379,1523030411
whois.namecheap.com,ltadistributing.com,258,40272918041,1523030408
whois.namecheap.com,portablestoragefranchise.com,258,40272914412,1523030403
whois.namecheap.com,hookproductions.net,258,40272912922,1523030401
whois.namecheap.com,aihrestaurantgroup.com,258,40272912399,1523030400
whois.namecheap.com,eliteconnectioncamps.com,258,40272900192,1523030381
whois.domain.com,acaaibuyersguide.com,258,40272898802,1523030379
whois.namecheap.com,groceries2ude.com,258,40272897787,1523030377
whois.123-reg.co.uk,rela8events.com,258,40267968493,1523022674
whois.namebright.com,ringboard.com,258,40266654149,1523020516
whois.onlinenic.com,belitsoft.com,258,40266075795,1523019605
whois.joker.com,lunchbooking.com,258,40265537836,1523018670
whois.joker.com,gezto.com,258,40265513657,1523018627
whois.joker.com,dinnerbooking.com,258,40265445861,1523018515
whois.joker.com,dinnerboking.com,258,40265421974,1523018477
whois.joker.com,brunchbooking.com,258,40265392260,1523018429
whois.nic.club,3.www.waterentrepreneur.club,258,40265295916,1523018269
whois.nameisp.com,economycarrentals.com,258,40265169453,1523018057
whois.netart-registrar.com,ftplogistics.com,258,40264219432,1523016518
whois.webnames.ca,nationalpost.com,258,40263960290,1523016067
whois.web.com,esbos.com,258,40263467479,1523015170
whois.namecheap.com,chownow.com,258,40262132596,1523012404
whois.webmasters.com,gmil.com,258,40261298705,1523010374
whois.namecheap.com,ragstoreasonable.com,258,40260581444,1523008805
whois.domaindiscover.com,zoho.com,258,40257874676,1523002569
whois.isimtescil.net,tiyatro.net,258,40257488660,1523001809
whois.123-reg.co.uk,wrongfuelinyourcar.com,258,40256949320,1523000504
whois.123-reg.co.uk,mishconenlighten.com,258,40256927851,1523000457
whois.meshdigital.com,mishcon.tv,258,40256922272,1523000444
whois.123-reg.co.uk,vipchinauk.com,258,40256662356,1522999893
whois.123-reg.co.uk,twitter-school.com,258,40256661125,1522999889
whois.123-reg.co.uk,londoncentral1.com,258,40256629271,1522999823
whois.domain.com,smartergood.com,258,40256453890,1522999454
whois.namecheap.com,imgsir.com,258,40255991853,1522998464
whois.namecheap.com,icnerd.com,258,40255990691,1522998461
whois.nic.club,mytransfer.club,258,40255838187,1522998050
whois.regtons.com,ayless.com,258,40255404850,1522997102
whois.registrar.eu,daxx.com,258,40254579326,1522995373
whois.no-ip.com,broccolini.com,258,40254159564,1522994477
whois.namecheap.com,b2bmarketingpartners.com,258,40254125486,1522994412
whois.gkg.net,realestatewealthexpo.com,258,40254120543,1522994405
whois.domainpeople.com,dianakrall.com,258,40252168626,1522989969
whois.registrygate.com,itter.com,258,40251322247,1522988166
whois.onlinenic.com,adespresso.com,258,40249607481,1522984513
whois.joker.com,lucieslist.com,258,40249605747,1522984509
whois.namecheap.com,fuelmade.com,258,40249198049,1522983603
whois.namecheap.com,revfluence.com,258,40248286113,1522981808
whois.namecheap.com,rewardstyle.com,258,40248284912,1522981806
whois.namesilo.com,2ether.net,258,40247832722,1522980974
whois.namecheap.com,willveritas.com,258,40247810801,1522980936
whois.1and1.com,speedyshelving.net,258,40247414295,1522980112
whois.netregistry.net,studyadelaide.com,258,40247162822,1522979595
whois.registrygate.com,zooplus.com,258,40246395709,1522978209
whois.webnames.ca,ettravel.com,258,40245930227,1522977309
whois.namecheap.com,elnacain.com,258,40244047218,1522973764
whois.namecheap.com,igorsoloads.com,258,40242019639,1522970103
whois.namebright.com,areable.com,258,40240687303,1522967468
whois.dyndns.com,prialto.com,258,40240430148,1522966934
whois.uniregistrar.com,ikihow.com,258,40239268441,1522964701
whois.namesilo.com,simonmedbenefits.com,258,40236021066,1522958835
whois.namesilo.com,lifestyleeyewear.com,258,40236020561,1522958834
whois.namesilo.com,machtranslator.com,258,40236019902,1522958833
whois.namesilo.com,ddofbenefits.com,258,40236019459,1522958832
whois.namesilo.com,cfrbenefits.com,258,40236018911,1522958831
whois.namesilo.com,eyeglassjargon.com,258,40235977644,1522958767
whois.domain.com,webbitmedia.com,258,40235593075,1522958174
whois.nic.top,megafilmeshd50.top,258,40235183897,1522957520
whois.namecheap.com,conversionxl.com,258,40234103773,1522955783
whois.nic.cr,budget.co.cr,258,40233479675,1522954876
whois.namebright.com,cmclaims.com,258,40233473575,1522954869
whois.rebel.ca,carcanada.com,258,40233472155,1522954867
whois.1and1.com,marshallphotographer.com,258,40229959150,1522949471
whois.namecheap.com,jeremycowart.com,258,40229911108,1522949401
whois.namebright.com,otkit.com,258,40228837152,1522947680
whois.namecheap.com,perchwell.com/,258,40227783226,1522945997
whois.namecheap.com,moneycrashers.com,258,40227045171,1522944909
whois.namebright.com,elenagomez.com,258,40225179577,1522942264
whois.namecheap.com,cantabilechambersingers.com,258,40225177167,1522942263
whois.register.eu,economybookings.com,258,40224307069,1522941301
whois.srsplus.com,fastcompany.com,258,40223588163,1522940480
whois.namescout.com,flyporter.com,258,40223586660,1522940478
whois.123-reg.co.uk,shakeitupcreative.com,258,40221151899,1522937144
whois.namecheap.com,kathybradyart.com,258,40221042247,1522936984
whois.blacknight.com,miagen.com,258,40220672707,1522936394
whois.namecheap.com,chadfullerton.com,258,40219944200,1522935074
whois.planetdomain.com,meghanjoyward.com,258,40219943204,1522935072
whois.22.cn,ransferwise.com,258,40219941658,1522935070
whois.namecheap.com,unbounce.com,258,40219402935,1522934172
whois.domain.com,ipage.com,258,40219399445,1522934168
whois.namebright.com,inerton.com,258,40218347261,1522932374
whois.onlinenic.com,ekpa.com,258,40218237250,1522932180
whois.domain.com,cher.com,258,40217263678,1522930570
whois.sibername.com,403auction.com,258,40216595746,1522929613
whois.nicline.com,theanimalsobservatory.com,258,40214768295,1522926794
whois.uniregistrar.com,lator.com,258,40212040453,1522922403
whois.isimtescil.net,tr-ader.com,258,40212011942,1522922353
whois.nic.london,mishcon.london,258,40210234998,1522919439
whois.nic.london,highnetworth.london,258,40210216160,1522919412
whois.nic.london,wellstudio.london,258,40209947884,1522918895
whois.regtons.com,opsb.com,258,40209941248,1522918882
whois.nic.london,mdr.london,258,40209908663,1522918825
whois.nic.london,mayfairprivate.london,258,40209907465,1522918823
whois.nic.london,lc1.london,258,40209905062,1522918820
whois.nic.london,fraudlaw.london,258,40209899968,1522918810
whois.webnames.ca,ottawacitizen.com,258,40208010182,1522915271
whois.namecheap.com,yogsdb.com,258,40206468445,1522912659
whois.namecheap.com,ribbalicious.com,258,40206127623,1522912063
whois.namecheap.com,cohanrobinson.com,258,40206126966,1522912061
whois.google.com,6thstreetauto.com,258,40206021202,1522911848
whois.namecheap.com,formstack.com,258,40205934708,1522911674
whois.domain.com,vanderpumppets.com,258,40205499933,1522910763
whois.distributeit.com.au,vescapade.com,258,40205262507,1522910230
whois.namecheap.com,codecademy.com,258,40204179336,1522908076
whois.net4domains.com,angleritech.com,258,40204144426,1522908006
whois.uniregistrar.com,ufoo.com,258,40203811579,1522907104
whois.nic.google,domains.google,258,40203810108,1522907101
whois.namecheap.com,fareharbor.com,258,40202332487,1522903569
whois.namecheap.com,creativelive.com,258,40202029805,1522902673
Whois.bigrock.com,gurutechnolabs.com,258,40200920161,1522899907
whois.namecheap.com,kumulos.com,258,40200605737,1522899067
whois.webnames.ca,albertacanada.com,258,40196561445,1522890902
whois.namecheap.com,elancet.com,258,40194515695,1522886410
whois.namecheap.com,magora-systems.com,258,40194177002,1522885570
whois.uniregistrar.com,jobhero.com,258,40193730332,1522884608
whois.namebright.com,udoapp.com,258,40193074112,1522883773
whois.profilebuilder.com,eglobeandmail.com,258,40191526782,1522881969
whois.webnames.ca,clarkbuilders.com,258,40189976191,1522880102
whois.tldregistrarsolutions.com,icketmaster.com,258,40188530944,1522878367
whois.uniregistrar.com,martt.com,258,40187853029,1522877469
whois.1and1.com,1and1.com,258,40187809139,1522877407
whois.isimtescil.net,irmakhuzurevi.com,258,40186527299,1522875817
whois.annulet.com,birdalizolasyon.com,258,40186523160,1522875811
whois.aerotek.com.tr,yenihayatmerkezi.com,258,40186470844,1522875738
whois.namesilo.com,lensorderstat.com,258,40183721429,1522872429
whois.domain.com,luckreunion.com,258,40182672954,1522871103
whois.fabulous.com,beginner.com,258,40182028559,1522870206
whois.namecheap.com,canwildphototours.com,258,40180804428,1522868474
whois.epik.com,kylum.com,258,40180803833,1522868473
whois.1and1.com,joeyl.com,258,40180752507,1522868408
whois.google.com,intelligenteconomist.com,258,40180169689,1522867567
whois.namecheap.com,bloggingwizard.com,258,40179597661,1522866667
whois.namecheap.com,amylynnandrews.com,258,40178891475,1522865766
whois.fabulous.com,oysrus.com,258,40178203696,1522864868
whois.namecheap.com,onest.com,258,40177007969,1522863075
whois.register.it,joerns.com,258,40175204900,1522860374
whois.domain.com,gptechsolutions.com,258,40174516511,1522859253
whois.webnames.ca,ctreit.com,258,40174085556,1522858571
whois.namebright.com,iccode.com,258,40174037666,1522858502
whois.namecheap.com,activecampaign.com,258,40172389411,1522855875
whois.namecheap.com,neverhost.net,258,40172151946,1522855443
whois.sawbuck.com,ubspot.com,258,40171834920,1522854912
whois.isimtescil.net,teknolokasyon.com,258,40165135380,1522842047
whois.namecheap.com,mangomattermedia.com,258,40164439240,1522840506
whois.in2net.com,grunertimaging.com,258,40163622914,1522838712
whois.nameisp.com,economycarrentals.com,258,40163285436,1522837991
whois.1and1.com,belmarking.com,258,40162438798,1522836434
Whois.bigrock.com,espertomarketresearch.com,258,40161605703,1522834393
whois.22.cn,ecretescapes.com,258,40161551806,1522834268
grs-whois.hichina.com,shengjinggd.com,258,40161167888,1522833375
whois.1and1.com,ohwondermusic.com,258,40161133322,1522833304
whois.rebel.ca,betakit.com,258,40158766496,1522827971
whois.synergywholesale.com,optal.com,258,40158765300,1522827968
whois.123-reg.co.uk,creativeboom.com,258,40158764818,1522827966
whois.joker.com,oxera.com,258,40158005999,1522826171
whois.namecheap.com,bulkemailverification.com,258,40157949515,1522826054
whois.123-reg.co.uk,thomascoopersports.com,258,40157742849,1522825565
whois.nic.club,mytransfer.club,258,40157600365,1522825216
whois.ownregistrar.com,neebal.com,258,40156545083,1522822634
whois.domainpeople.com,baracci.com,258,40156485468,1522822511
whois.webnames.ca,financialpost.com,258,40156096733,1522821601
whois.namecheap.com,bloggerjet.com,258,40155761341,1522820704
whois.gkg.net,realestatewealthexpo.com,258,40154347877,1522817170
whois.webnames.ca,mcmichael.com,258,40154005102,1522816274
whois.namebright.com,vestig.com,258,40153289878,1522814466
whois.namecheap.com,chownow.com,258,40152169031,1522811770
whois.regtons.com,ayless.com,258,40151759617,1522810802
whois.registrygate.com,zooplus.com,258,40149496471,1522805404
grs-whois.hichina.com,oynt.com,258,40148568536,1522803604
whois.nicline.com,ebcor.com,258,40148183848,1522802710
whois.easydns.com,oxfordproperties.com,258,40147775725,1522801804
whois.namecheap.com,emailcheap.com,258,40146905369,1522800077
whois.namebright.com,ealthline.com,258,40145986754,1522798201
Whois.bigrock.com,zifzi.com,258,40144918589,1522796409
whois.above.com,kyword.com,258,40141008386,1522791116
whois.registrygate.com,itter.com,258,40141007924,1522791114
whois.gkg.net,ooyala.com,258,40139876073,1522789214
whois.domaindiscover.com,rhscanada.com,258,40139411379,1522788377
whois.rebel.ca,chbavi.com,258,40138483066,1522786578
whois.namebright.com,langrid.com,258,40138482457,1522786577
whois.no-ip.com,broccolini.com,258,40138437982,1522786504
whois.namecheap.com,floatspabot.com,258,40138231894,1522786153
whois.namesilo.com,romulusbenefits.com,258,40138136159,1522785966
whois.namecheap.com,makeawebsitehub.com,258,40137524301,1522784770
whois.enterprice.net,adcars.com,258,40137067579,1522783878
grs-whois.hichina.com,awanesa.com,258,40136506697,1522782988
whois.fabulous.com,amsung.com,258,40136492316,1522782971
whois.easydns.com,compass-canada.com,258,40136488096,1522782965
whois.namescout.com,bethanyseniors.com,258,40136439138,1522782902
whois.123-reg.co.uk,bonobomusic.com,258,40135310550,1522781168
whois.namecheap.com,commercehq.com,258,40135213079,1522780994
whois.namebright.com,2ssolutions.com,258,40134765763,1522780208
whois.namecheap.com,my-state-mls.com,258,40134674620,1522780034
whois.namecheap.com,bettercallsal808.com,258,40134307500,1522779418
whois.namecheap.com,crazylouiespawnshops.com,258,40132036817,1522775550
whois.namecheap.com,crazylouiespawn.com,258,40132035578,1522775548
whois.123-reg.co.uk,ingenuitylondon.com,258,40129262039,1522770734
whois.1and1.com,coalitiontechnologies.com,258,40129051906,1522770376
Whois.bigrock.com,canopusinfosystems.com,258,40129008642,1522770304
whois.webnames.ca,vancouversun.com,258,40128551342,1522769476
whois.distributeit.com.au,vision6.com,258,40128548354,1522769472
whois.unitedtld.com,act-sing.dance,258,40126714576,1522766391
whois.namecheap.com,moneycrashers.com,258,40125903034,1522764971
whois.namecheap.com,taklite.com,258,40123454015,1522760474
whois.nordreg.com,sitegainer.com,258,40123270949,1522760085
whois.your-server.de,pepper.com,258,40123269582,1522760082
whois.namecheap.com,cc-community.net,258,40123268301,1522760079
whois.namesilo.com,filesharingguides.com,258,40123267084,1522760077
whois.domain.com,paticik.com,258,40123236204,1522760014
whois.1and1.com,cogipas.com,258,40123234256,1522760010
whois.namecheap.com,altbinz.net,258,40123234519,1522760010
whois.nic.online,vpnservice.online,258,40123234126,1522760009
whois.123-reg.co.uk,comparitech.com,258,40123232499,1522760005
whois.lexsynergy.com,techradar.com,258,40123231376,1522760003
whois.1api.net,catalyst-eu.net,258,40123133466,1522759795
whois.bookmyname.com,elevastor.com,258,40122884599,1522759274
whois.namecheap.com,greycoder.com,258,40122833047,1522759162
whois.namecheap.com,getpicky.com,258,40122832523,1522759161
whois.nic.website,piratebay.website,258,40122831122,1522759158
whois.uniregistrar.com,atravel.com,258,40122184112,1522757893
whois.namecheap.com,rosevibe.com,258,40121640840,1522756878
whois.namescout.com,cmajblogs.com,258,40121596954,1522756802
whois.advancedregistrar.com,canadawebservices.com,258,40121192883,1522755905
whois.namecheap.com,sellosphere.com,258,40120366798,1522754254
whois.namecheap.com,elnacain.com,258,40120316089,1522754163
whois.net4domains.com,bigperl.com,258,40119422904,1522752309
whois.discount-domain.com,sqool.net,258,40118412075,1522750140
whois.retailstudio.com,howtank.com,258,40118410526,1522750136
whois.123-reg.co.uk,bigmeupmedia.com,258,40118410108,1522750135
whois.1and1.com,viewpay.tv,258,40118408751,1522750131
whois.1and1.com,owlized.com,258,40118408539,1522750130
whois.bookmyname.com,www.mybraintech.com,258,40118408427,1522750130
whois.1and1.com,ai-mergence.com,258,40118406828,1522750126
whois.netim.com,digitalimmersion.com,258,40118405116,1522750121
whois.1and1.com,welkeys.com,258,40118404069,1522750118
whois.bookmyname.com,neo-nomade.com,258,40118404137,1522750118
whois.1and1.com,uwinloc.com,258,40118402242,1522750113
whois.bookmyname.com,meilleur-artisan.com,258,40118399865,1522750106
whois.bookmyname.com,goalmap.com,258,40118398388,1522750104
whois.onlinenic.com,nexxtep-technologies.com,258,40118397859,1522750102
whois.cronon.net,education4sight.com,258,40118397240,1522750100
whois.onlinenic.com,flashscore.com,258,40118395752,1522750097
whois.enterprice.net,icaros.com,258,40118395867,1522750097
whois.joker.com,sezamweb.net,258,40118353364,1522749994
whois.1and1.com,keyinfuser.com,258,40118352877,1522749992
whois.1and1.com,bird-office.com,258,40118352351,1522749991
whois.retailstudio.com,biomouv.com,258,40118351996,1522749990
whois.register.it,warwickanalytics.com,258,40118351864,1522749990
whois.bookmyname.com,lageneraledeproduction.com,258,40118351868,1522749990
whois.1and1.com,packndrive.com,258,40118351663,1522749990
whois.cronon.net,revinax.net,258,40118351659,1522749989
whois.1and1.com,geocastaway.com,258,40118351135,1522749988
whois.1and1.com,sidemash.com,258,40118350999,1522749988
whois.1and1.com,myoeno.com,258,40118350508,1522749987
whois.1and1.com,commeunearmoire.com,258,40118350187,1522749986
whois.1and1.com,dhatim.com,258,40118349904,1522749985
whois.register.it,www.batiwork.com,258,40118349768,1522749985
whois.inames.co.kr,www.eoflow.com,258,40118349232,1522749984
whois.1and1.com,piggou.com,258,40118349543,1522749984
whois.1and1.com,jooxter.com,258,40118348202,1522749982
whois.bookmyname.com,akoustic-arts.com,258,40118348488,1522749982
whois.dyndns.com,geouniq.com,258,40118348227,1522749981
whois.lws.net,repar-tout.com,258,40118347402,1522749980
whois.1and1.com,medtrucks.com,258,40118347345,1522749979
whois.1and1.com,diakse.com,258,40118346587,1522749978
whois.namecheap.com,tribedynamics.com,258,40118346489,1522749977
whois.nic.fashion,see.fashion,258,40118345054,1522749974
whois.1and1.com,earlymetrics.com,258,40118345058,1522749974
whois.1and1.com,as-pharm.com,258,40118344373,1522749973
whois.softlayer.com,teqmine.com,258,40118344375,1522749973
whois.1and1.com,wenow.com,258,40118341465,1522749967
whois.webnic.cc,h3dynamics.com,258,40118341801,1522749967
whois.gofrancedomains.com,wombee.com,258,40118340478,1522749965
whois.discount-domain.com,mobercial.com,258,40118338782,1522749961
whois.webnic.cc,mobagel.com,258,40118338325,1522749960
whois.discount-domain.com,deep-kick.com,258,40118337507,1522749958
whois.nic.global,www.ipl.global,258,40118337367,1522749957
whois.1and1.com,geev.com,258,40118336445,1522749955
whois.1and1.com,skaled.com,258,40118333887,1522749949
whois.bookmyname.com,batvoice.com,258,40118333907,1522749949
whois.1and1.com,heaserobotics.com,258,40118333368,1522749948
whois.register.it,welcomeatwork.com,258,40118332071,1522749944
whois.meshdigital.com,quantomanca.com,258,40118331605,1522749943
whois.domain.com,scoodit.com,258,40118331159,1522749942
whois.infomaniak.com,apixanalytics.com,258,40118331199,1522749942
whois.cronon.net,spicevr.com,258,40118330608,1522749941
whois.1and1.com,kwalys.com,258,40118330479,1522749940
whois.1and1.com,www.laboiteachampignons.com,258,40118330326,1522749940
whois.bookmyname.com,dictafcorp.com,258,40118329784,1522749939
whois.register.it,coorpacademy.com,258,40118330011,1522749939
whois.bookmyname.com,monbeauterroir.com,258,40118329697,1522749938
who.planethoster.net,everysens.com,258,40118329218,1522749937
whois.1and1.com,metigate.com,258,40118328617,1522749936
whois.cronon.net,metaplanner.com,258,40118327738,1522749934
whois.1and1.com,cybedroid.com,258,40118326687,1522749932
whois.1and1.com,wisimage.com,258,40118327123,1522749932
whois.1and1.com,publithings.com,258,40118326667,1522749931
whois.bookmyname.com,mymushin.com,258,40118326431,1522749931
whois.1and1.com,medway-assistance.com,258,40118326175,1522749930
whois.namebay.com,critizr.com,258,40118326375,1522749930
whois.namecheap.com,stimulsoft.com,258,40118326164,1522749930
whois.1and1.com,quantmetry.com,258,40118325698,1522749929
whois.easydns.com,citronresearch.com,258,40118325867,1522749929
whois.papaki.gr,insybio.com,258,40118325477,1522749928
whois.register.it,chifco.com,258,40118325306,1522749928
whois.bookmyname.com,www.cityzendata.com,258,40118325656,1522749928
whois.1and1.com,axteraerospace.com,258,40118325335,1522749928
whois.1and1.com,jobbers.com,258,40118325229,1522749927
whois.ibi.net,frisbeekorea.com,258,40118321757,1522749920
whois.123-reg.co.uk,ifollowoffice.com,258,40118320950,1522749918
whois.1and1.com,paymytable.com,258,40118316712,1522749908
whois.namecheap.com,mylabbox.com,258,40118315813,1522749906
whois.cronon.net,gestigon.com,258,40118315596,1522749906
whois.1and1.com,nanolike.com,258,40118315304,1522749905
whois.namecheap.com,aynies.com,258,40118314332,1522749902
whois.1and1.com,expert-teleportation.com,258,40118313196,1522749900
whois.google.com,www.neteera.com,258,40118313187,1522749900
whois-paris.nic.fr,insidr.paris,258,40118312869,1522749899
whois.1and1.com,myvisbox.com,258,40118312952,1522749899
whois.bookmyname.com,augmentedacoustics.com,258,40118312142,1522749897
whois.namecheap.com,digitalartistsonline.com,258,40118311570,1522749896
whois.1and1.com,geps-techno.com,258,40118309200,1522749891
whois.tldregistrarsolutions.com,gosense.com,258,40118308641,1522749890
whois.register.it,beeboss.com,258,40118307534,1522749887
whois.1and1.com,sosjober.com,258,40118307435,1522749887
whois.bookmyname.com,vectuel.com,258,40118305953,1522749883
whois.enterprice.net,weverducre.com,258,40118305624,1522749882
whois.namecheap.com,resq-club.com,258,40118305200,1522749881
whois.infomaniak.com,swisscustomwatches.com,258,40118305338,1522749881
whois.metaregistrar.com,www.theherostory.com,258,40118305136,1522749881
whois.1and1.com,expensya.com,258,40118304988,1522749881
whois.bookmyname.com,stimergy.com,258,40118305256,1522749881
whois.domainagent.co.nz,virtualmedicalcoaching.com,258,40118304767,1522749880
whois.namebay.com,ziblue.com,258,40118304285,1522749879
whois.namecheap.com,fotokite.com,258,40118304402,1522749879
whois.1and1.com,mirakl.com,258,40118304236,1522749878
whois.1and1.com,target2sell.com,258,40118304165,1522749878
whois.1and1.com,elichens.com,258,40118304266,1522749878
whois.bizcn.com,taglette.com,258,40118303793,1522749877
whois.1and1.com,stereograph-group.com,258,40118302234,1522749874
whois.unitedtld.com,sphere.social,258,40118302413,1522749874
whois.namecheap.com,shopfelixgray.com,258,40118301655,1522749873
whois.domaininfo.com,paptic.com,258,40118301484,1522749872
whois.onlinenic.com,majalesalamat.com,258,40118300943,1522749872
whois.namecheap.com,www.plattar.com,258,40118300855,1522749872
whois.1and1.com,win-ms.com,258,40118301067,1522749872
whois.1and1.com,evaveo.com,258,40118300694,1522749871
whois.1and1.com,fvrther.com,258,40118299925,1522749869
whois.1and1.com,terradotta.com,258,40118299937,1522749869
whois.123-reg.co.uk,zeniad.com,258,40118299758,1522749869
whois.bookmyname.com,diota.com,258,40118299689,1522749868
whois.namecheap.com,oneblip.com,258,40118299289,1522749868
whois.123-reg.co.uk,voltaware.com,258,40118299196,1522749867
whois.discount-domain.com,adways.net,258,40118251885,1522749759
whois.cronon.net,www.aroboticlife.com,258,40118251429,1522749758
whois.bookmyname.com,abeeway.com,258,40118251069,1522749757
whois.google.com,806technologies.com,258,40118216595,1522749679
whois.domainnameshop.com,www.kitemill.com,258,40118208603,1522749661
whois.namebright.com,ringboard.com,258,40118181824,1522749604
whois.discount-domain.com,ops-int.com,258,40117799425,1522748708
whois.123-reg.co.uk,voltcomgroup.com,258,40117676682,1522748414
whois.namesilo.com,pqoia.com,258,40116876623,1522746614
whois.google.com,apollopeak.com,258,40116288724,1522745102
whois.dot.ga,ecocap.ga,258,40115871457,1522743976
whois.domainpeople.com,dianakrall.com,258,40115607417,1522743377
whois.namebright.com,elenagomez.com,258,40115577179,1522743313
whois.webnames.ca,nationalpost.com,258,40115572435,1522743303
whois.dns.com.cn,eathrow.com,258,40115188146,1522742473
whois.namecheap.com,imgsir.com,258,40114066165,1522739864
whois.namecheap.com,yogsdb.com,258,40113782869,1522739268
whois.namecheap.com,icnerd.com,258,40113779419,1522739260
whois.hosting.kr,abcdee.com,258,40113687969,1522739030
whois.domain.com,acemotorcenter.com,258,40113664597,1522738968
whois.isimtescil.net,apkmodx.com,258,40113054427,1522737606
whois.namecheap.com,vippetcare.com,258,40112315671,1522736171
whois.net4domains.com,sat-infotech.com,258,40111610377,1522734576
whois.net4domains.com,exploresys.com,258,40110135799,1522731671
whois.srsplus.com,mojosells.com,258,40108450288,1522728070
whois.webnames.ca,ottawacitizen.com,258,40108001275,1522727101
grs-whois.hichina.com,ootq.com,258,40107612705,1522726274
whois.namecheap.com,fuelmade.com,258,40107154744,1522725370
whois.namebright.com,otkit.com,258,40106700431,1522724473
whois.1and1.com,robertjory.com,258,40105571854,1522722194
whois.domain.com,nataliegrant.com,258,40104862701,1522720871
whois.domain.com,vanderpumppets.com,258,40104401473,1522719964
whois.omnis.com,istle.com,258,40104400499,1522719962
whois.hosting.kr,fgate.com,258,40103486197,1522718174
whois.web.com,esbos.com,258,40102999570,1522717279
whois.namecheap.com,meghanpatrickmusic.com,258,40102533778,1522716381
whois.rebel.ca,morganfinlay.com,258,40102530628,1522716375
whois.1and1.com,colnecta.com,258,40102020863,1522715413
whois.namecheap.com,ordstream.com,258,40098017313,1522708269
whois.directnic.com,americaint.com,258,40097472847,1522707376
whois.resellercamp.com,latestmailinglist.com,258,40097432340,1522707311
whois.domain.com,domain.com,258,40097288905,1522707067
whois.namecheap.com,openpathdigital.com,258,40096215615,1522704974
whois.domainshype.com,redhatb2b.com,258,40096045799,1522704674
whois.namecheap.com,forrestfencing.com,258,40093840712,1522700825
whois.nic.ar,pro-systems.com.ar,258,40093426455,1522700179
whois.123-reg.co.uk,fivesquid.com,258,40093377255,1522700105
whois.webnames.ca,canadianliving.com,258,40093375292,1522700102
whois.namesilo.com,lifestyleeyewear.com,258,40093063513,1522699638
whois.namesilo.com,machtranslator.com,258,40093062265,1522699636
whois.namesilo.com,ddofbenefits.com,258,40093061539,1522699634
whois.namesilo.com,cfrbenefits.com,258,40093060723,1522699633
whois.namesilo.com,lensorderstat.com,258,40093025291,1522699570
whois.namesilo.com,eyeglassjargon.com,258,40093024618,1522699569
whois.namecheap.com,constructiondive.com,258,40091247474,1522696575
whois.namecheap.com,brandblasting.com,258,40089626507,1522693801
whois.namecheap.com,betterdwelling.com,258,40087935123,1522691172
whois.afilias-srs.net,sex.sex,258,40087447254,1522690333
whois.namebright.com,areable.com,258,40086282608,1522688472
whois.domaindiscover.com,reginaspektor.com,258,40085685726,1522687502
whois.namesilo.com,2ether.net,258,40085320258,1522686853
whois.easydns.com,actratoronto.com,258,40085170882,1522686604
whois.onlinenic.com,adespresso.com,258,40084562100,1522685705
whois.webnames.ca,ctreit.com,258,40083944309,1522684877
whois.easydns.com,avisonyoung.com,258,40083936913,1522684868
whois.namebright.com,iccode.com,258,40083886936,1522684802
whois.namecheap.com,list57.com,258,40083293485,1522683913
whois.nic.men,chokiwnl.men,258,40083112245,1522683673
whois.domaindiscover.com,wealthyandwise.com,258,40081392909,1522681305
Whois.bigrock.com,rimehealthcare.com,258,40081317867,1522681204
whois.namescout.com,macrealty.com,258,40078851628,1522677670
whois.directnic.com,omegaonemarketing.com,258,40077615486,1522675818
whois.namescout.com,reigcanada.com,258,40077610545,1522675811
whois.domaindiscover.com,tillmanallengreer.com,258,40077196730,1522675213
whois.1and1.com,dcmn.com,258,40075747896,1522672933
Whois.bigrock.com,list2tech.com,258,40075375456,1522672266
whois.namecheap.com,activecampaign.com,258,40074835317,1522671377
whois.namebay.com,aleemargroup.com,258,40074504548,1522670893
whois.uniregistrar.com,lator.com,258,40072686760,1522667707
whois.1and1.com,blockgeeks.com,258,40070049583,1522662366
whois.regtons.com,opsb.com,258,40070020032,1522662302
whois.paycenter.com.cn,sun-lung.com,258,40069652022,1522661538
whois.namesilo.com,filmesonlinehd7.cc,258,40069541161,1522661319
whois.1api.net,vancouverchamberchoir.com,258,40069154356,1522660567
whois.paycenter.com.cn,cyberjune.com,258,40066504357,1522655295
whois.namecheap.com,mangomattermedia.com,258,40066442260,1522655176
whois.uniregistrar.com,martt.com,258,40066408695,1522655109
whois.register4less.com,keysecoscapes.com,258,40065938401,1522654271
whois.register.it,dotperformance.com,258,40065897385,1522654205
whois.namecheap.com,cohanrobinson.com,258,40065470671,1522653461
whois.namecheap.com,ribbalicious.com,258,40065169678,1522652863
whois.namecheap.com,formstack.com,258,40064962086,1522652407
whois.fabulous.com,beginner.com,258,40063640463,1522649709
whois.profilebuilder.com,eglobeandmail.com,258,40063637058,1522649703
whois.registrar.eu,daxx.com,258,40063149714,1522648814
Whois.bigrock.com,resumonk.com,258,40063142320,1522648804
whois.namebright.com,bulbulbul.com,258,40062614297,1522647734
whois.web.com,vitorrents.cc,258,40060997549,1522644654
whois.hazeldomains.com,sharenewz.com,258,40060994518,1522644647
whois.web.com,freshrls.com,258,40060963379,1522644571
whois.namebright.com,cybergangsta.com,258,40060961708,1522644567
whois.fabulous.com,byhero.com,258,40060961268,1522644566
whois.instra.net,desmix.net,258,40060959753,1522644561
whois.web.com,usenetreg.com,258,40060957319,1522644556
whois.namebright.com,bricojuegos.com,258,40060955103,1522644552
whois.web.com,torrentcd1.com,258,40060954660,1522644550
whois.registrar.eu,mega-descarga.net,258,40060915468,1522644466
whois.web.com,torrentmobo.com,258,40060869492,1522644361
whois.namebright.com,tpfilmindir.com,258,40060840757,1522644298
whois.namebright.com,magaotorrent.com,258,40060839745,1522644295
whois.web.com,torrents-pro.com,258,40060839071,1522644294
whois.namecheap.com,bt2mag.com,258,40060835663,1522644286
whois.web.com,dl0second.com,258,40060834517,1522644284
whois.namebright.com,dlzware.net,258,40060833494,1522644281
whois.namebright.com,digitalcrace.com,258,40060795495,1522644200
whois.nic.club,maxfeel.club,258,40060793860,1522644196
whois.uniregistrar.com,antigmo.net,258,40060791694,1522644192
whois.namesilo.com,ectcs.com,258,40060755888,1522644116
whois.web.com,download4up.com,258,40060755129,1522644115
whois.communigal.net,globalfreeshares.net,258,40060750577,1522644104
Whois.bigrock.com,crackingportal.com,258,40060748134,1522644098
whois.tldregistrarsolutions.com,keygencrackserial.com,258,40060712199,1522644019
whois.namecheap.com,king4news.net,258,40060711527,1522644018
whois.web.com,slaygames.net,258,40060679261,1522643943
whois.web.com,topvirk.com,258,40060663543,1522643908
whois.web.com,dlall4s.com,258,40060626176,1522643830
whois.nic.best,egy.best,258,40060624868,1522643827
whois.nameisp.com,torrentbit.net,258,40060620564,1522643819
whois.namecheap.com,supoza.com,258,40060619035,1522643815
whois.namecheap.com,nirmoladda.com,258,40060583130,1522643733
whois.paycenter.com.cn,minoshare.net,258,40060580226,1522643727
whois.isimtescil.net,fullprogramlarindir.com,258,40060544057,1522643648
whois.namesilo.com,azbase.net,258,40060531887,1522643622
whois.uniregistrar.com,extabit.com,258,40060487895,1522643527
whois.namecheap.com,egofiles.com,258,40060487066,1522643526
whois.domain.com,filejungle.com,258,40060467284,1522643485
whois.namesilo.com,wupload.com,258,40060466597,1522643483
whois.nameisp.com,economycarrentals.com,258,40060427472,1522643407
whois.namecheap.com,uploading.com,258,40060425939,1522643404
whois.uniregistrar.com,filesonic.com,258,40060391024,1522643336
whois.ordertld.com,180upload.com,258,40060386136,1522643326
whois.uniregistrar.com,lumfile.com,258,40060340312,1522643238
whois.namecheap.com,freakshare.com,258,40060339722,1522643236
whois.namecheap.com,bitshare.com,258,40060338290,1522643233
whois.namecheap.com,catshare.net,258,40060333791,1522643225
whois.namecheap.com,uploaded.net,258,40060329496,1522643217
whois.directnic.com,unlocktorrent.com,258,40060298118,1522643153
whois.namebright.com,torrentie.com,258,40060290270,1522643138
whois.web.com,torrented.com,258,40060286486,1522643130
whois.tldregistrarsolutions.com,torlock.com,258,40060254143,1522643064
whois.namecheap.com,gazellegames.net,258,40060246217,1522643049
whois.namecheap.com,btava.com,258,40060210946,1522642983
whois.tldregistrarsolutions.com,10torrent.net,258,40060203075,1522642969
whois.namecheap.com,torrentcrazy.com,258,40060165222,1522642893
whois.paycenter.com.cn,thehotfilesearch.com,258,40060163558,1522642891
whois.web.com,pwnnetwork.net,258,40060160405,1522642885
whois.directnic.com,fulldls.com,258,40060149973,1522642865
whois.tldregistrarsolutions.com,yourbittorrent.com,258,40060095948,1522642764
whois.tldregistrarsolutions.com,torrentfunk.com,258,40060050740,1522642686
whois.web.com,torrentflow.com,258,40060049314,1522642684
whois.web.com,torrentdr.com,258,40060047923,1522642681
whois.regtons.com,rarbg.com,258,40060038114,1522642664
whois.namecheap.com,magnetdl.com,258,40059992443,1522642586
whois.easydns.com,bitsnoop.com,258,40059972516,1522642551
whois.web.com,xixam.com,258,40059920886,1522642461
whois.web.com,windowswolf.com,258,40059917823,1522642455
whois.uniregistrar.com,vip-file.com,258,40059913248,1522642448
whois.onlinenic.com,tinydl.com,258,40059894886,1522642416
whois.webnames.ru,shyter.net,258,40059857254,1522642346
whois.above.com,semelike.net,258,40059853028,1522642338
whois.namecheap.com,pastebin.com,258,40059843531,1522642321
whois.isimtescil.net,needforgame.net,258,40059834871,1522642305
whois.namecheap.com,linktury.com,258,40059828781,1522642294
whois.namecheap.com,link4file.com,258,40059825446,1522642287
grs-whois.cndns.com,hdspot.net,258,40059823503,1522642283
whois.domainsite.com,forum-maximus.net,258,40059786419,1522642214
whois.fabulous.com,filegaga.com,258,40059782728,1522642209
grs-whois.hichina.com,egy8.com,258,40059777275,1522642199
whois.resellercamp.com,dlapk.net,258,40059744788,1522642131
whois.namecheap.com,doujin-games88.net,258,40059742843,1522642126
whois.nhanhoa.com,dlfree24h.com,258,40059742034,1522642125
whois.unitedtld.com,ddlvalley.rocks,258,40059739542,1522642119
whois.namecheap.com,ddlspot.com,258,40059738548,1522642117
whois.namesilo.com,clarinel.com,258,40059737604,1522642116
whois.web.com,associationgame.com,258,40059707523,1522642049
whois.web.com,a1downloads.com,258,40059705669,1522642043
whois.gomontenegrodomains.com,62y.net,258,40059705005,1522642042
whois.web.com,discovery360.net,258,40059696045,1522642023
whois.web.com,carrots-download.com,258,40059695213,1522642021
whois.namecheap.com,2013zone.com,258,40059664544,1522641957
whois.domainsite.com,rlslog.net,258,40059654045,1522641935
whois.1api.net,irarchive.com,258,40059567644,1522641765
whois.namecheap.com,sharedir.com,258,40059564078,1522641757
whois.reg2c.com,oyuncehennemi.com,258,40059526053,1522641679
whois.web.com,onlythegames.com,258,40059524767,1522641676
whois.reg.com,nitki2.net,258,40059524309,1522641675
whois.web.com,newdownload.net,258,40059523741,1522641673
whois.isimtescil.net,mp3portali.net,258,40059521091,1522641667
whois.namebright.com,mafiawarez.com,258,40059517026,1522641659
whois.namebright.com,live-down.com,258,40059515332,1522641656
whois.onlinenic.com,jokergameth.com,258,40059512790,1522641650
whois.namecheap.com,indowebster.com,258,40059482531,1522641586
whois.web.com,hellocine.com,258,40059478887,1522641577
whois.web.com,haydipaylas.net,258,40059478555,1522641576
whois.web.com,fs-data-base.com,258,40059477171,1522641573
whois.onlinenic.com,frksh.net,258,40059475680,1522641569
whois.web.com,forogames.net,258,40059474464,1522641566
whois.web.com,enjoysmedia.com,258,40059446541,1522641500
whois.namecheap.com,emudesc.com,258,40059446135,1522641499
whois.annulet.com,elmonky.com,258,40059443245,1522641492
whois.web.com,downow.net,258,40059442797,1522641491
whois.znetlive.com,downloadmirchi.com,258,40059412034,1522641419
whois.namesilo.com,dlfree4z.com,258,40059408896,1522641413
whois.web.com,dl4hot.com,258,40059408339,1522641411
whois.namesilo.com,daleide.com,258,40059400107,1522641393
whois.nhanhoa.com,allsoftmac.com,258,40059364312,1522641304
whois.namesilo.com,amadershare.com,258,40059335398,1522641237
whois.namesilo.com,leadrly.com,258,40059321697,1522641209
whois.namesilo.com,reduson.com,258,40059320319,1522641205
whois.web.com,extremepirate.com,258,40059293350,1522641139
whois.web.com,uptwo.net,258,40059292902,1522641138
whois.web.com,warez-arena.com,258,40059292523,1522641137
whois.web.com,dlzware.com,258,40059292014,1522641136
whois.dynadot5.com,dl4warez.com,258,40059289003,1522641129
whois.web.com,downzor.com,258,40059287833,1522641126
whois.domainsite.com,odaydown.com,258,40059250208,1522641045
whois.namecheap.com,m-hddl.com,258,40059248214,1522641040
whois.web.com,torrentshulk.com,258,40059245731,1522641034
whois.namecheap.com,mygully.com,258,40059244184,1522641031
whois.web.com,warezpedia.com,258,40059209551,1522640950
whois.web.com,warezltd.net,258,40059209169,1522640948
whois.web.com,warezhud.com,258,40059208488,1522640947
whois.namecheap.com,warezdestiny.com,258,40059179609,1522640881
whois.reg.com,w12files.com,258,40059174830,1522640872
whois.uniregistrar.com,uswarez.com,258,40059173743,1522640870
whois.web.com,unlimfiles.com,258,40059173128,1522640868
whois.namebright.com,toutg.com,258,40059172451,1522640867
whois.web.com,sharetera.com,258,40059171026,1522640863
whois.web.com,rapidshare-downloads.com,258,40059142049,1522640797
whois.above.com,portableturk.com,258,40059139631,1522640792
whois.namecheap.com,networkice.com,258,40059138317,1522640788
whois.namebright.com,mobilesapps.net,258,40059108556,1522640719
whois.web.com,mixmaxworld.com,258,40059108184,1522640718
whois.namecheap.com,mafiabox.com,258,40059105015,1522640711
whois.namebright.com,keyifci.com,258,40059097405,1522640695
whois.2imagen.net,iqr0.com,258,40059096149,1522640692
whois.namebright.com,indexdl.com,258,40059094457,1522640689
whois.namebright.com,heavenplanet.com,258,40059088661,1522640676
whois.web.com,hackcrazyps3.com,258,40059055669,1522640613
whois.web.com,gfx4you.com,258,40059052754,1522640608
whois.gomontenegrodomains.com,filepan.com,258,40059043118,1522640589
whois.web.com,exyuwarez.com,258,40059042311,1522640587
whois.web.com,egyage.com,258,40059041525,1522640586
whois.web.com,fullrls.com,258,40059039429,1522640582
whois.web.com,downarray.com,258,40059038422,1522640580
whois.regtons.com,dlbot.net,258,40059005725,1522640518
whois.web.com,dl4all.net,258,40059005128,1522640517
whois.discount-domain.com,dizton.net,258,40059004156,1522640515
whois.123-reg.co.uk,descargarlibre.com,258,40059003174,1522640513
whois.web.com,dadazee.com,258,40059001021,1522640509
whois.regtons.com,usefulextensions.com,258,40058988581,1522640485
whois.namebright.com,candown.com,258,40058959220,1522640421
whois.namecheap.com,dirtywarez.com,258,40058958329,1522640419
whois.web.com,banglaalbum.com,258,40058958060,1522640418
whois.web.com,besttechnoblog.com,258,40058957033,1522640415
whois.namecheap.com,crackhackforum.com,258,40058953223,1522640408
whois.registrygate.com,viewster.com,258,40058919751,1522640335
whois.namesilo.com,tarrafa.net,258,40058920115,1522640335
whois.web.com,gofindmedia.net,258,40058913786,1522640322
whois.namecheap.com,allulook4.com,258,40058874982,1522640235
whois.uniregistrar.com,alltodown.com,258,40058874641,1522640234
whois.web.com,1clickdown.com,258,40058872716,1522640230
whois.web.com,xtradl.com,258,40058869050,1522640222
whois.namesilo.com,tagdl.com,258,40058867758,1522640220
whois.namebright.com,tekparcafilmindir.com,258,40058867480,1522640219
whois.domaincontext.com,nesbox.com,258,40058831709,1522640145
whois.dyndns.com,snxconsulting.com,258,40057538160,1522637474
whois.advancedregistrar.com,baliwebsitevideos.com,258,40057235452,1522636814
whois.1and1.com,1and1.com,258,40056489234,1522635376
whois.rightside.co,isakangen.live,258,40054649293,1522631260
whois.namecheap.com,isakangen.com,258,40054648985,1522631259
whois.register.eu,economybookings.com,258,40054482063,1522630882
whois.register.it,ubibanca.com,258,40052854964,1522627211
whois.domain.com,luckreunion.com,258,40052417439,1522626310
whois.imena.ua,groupbwt.com,258,40051973661,1522625404
whois.123-reg.co.uk,creativeboom.com,258,40050504446,1522622707
whois.webnames.ca,clarkbuilders.com,258,40049595713,1522620974
whois.easydns.com,rocketbuilders.com,258,40049590056,1522620965
whois.namecheap.com,k2kgroup.com,258,40048043792,1522617554
whois.isimtescil.net,irmakhuzurevi.com,258,40047564588,1522616619
whois.aerotek.com.tr,yenihayatmerkezi.com,258,40047528161,1522616539
whois.aerotek.com.tr,cemmermut.com,258,40047527495,1522616538
whois.namecheap.com,willveritas.com,258,40046975984,1522615248
whois.namecheap.com,creativelive.com,258,40046741191,1522614672
whois.1and1.com,marshallphotographer.com,258,40046707218,1522614602
whois.namecheap.com,chadfullerton.com,258,40046327450,1522613777
whois.above.com,ripadvisor.com,258,40045857742,1522612814
whois.webnames.ca,financialpost.com,258,40045851116,1522612802
whois.uniregistrar.com,ikihow.com,258,40044237465,1522609202
whois.namecheap.com,kashually.com,258,40044093879,1522608859
whois.namecheap.com,ulistic.com,258,40042745481,1522605914
whois.no-ip.com,broccolini.com,258,40042188546,1522604709
whois.nic.win,vemomail.win,258,40041913153,1522604113
whois.namecheap.com,makeawebsitehub.com,258,40039195694,1522598409
whois.namecheap.com,emcmethod.com,258,40038794340,1522597502
whois.sawbuck.com,ubspot.com,258,40038368546,1522596605
whois.22.cn,ransferwise.com,258,40035740110,1522591212
whois.namecheap.com,magora-systems.com,258,40034458422,1522588509
whois.domain.com,designshopp.com,258,40033728308,1522586712
whois.names4ever.com,bdnews24.com,258,40033393653,1522585801
whois.namebright.com,enske.com,258,40032724921,1522584080
whois.uniregistrar.com,atravel.com,258,40032691616,1522584005
whois.imena.ua,qubit-labs.com,258,40032374680,1522583108
whois.domain.com,ipage.com,258,40029593670,1522575967
whois.rebel.ca,carcanada.com,258,40028413648,1522573280
whois.namecheap.com,onest.com,258,40028007068,1522572307
whois.in2net.com,grunertimaging.com,258,40026282250,1522569677
whois.net4domains.com,angleritech.com,258,40025502278,1522568775
whois.easydns.com,careerboard.com,258,40025498778,1522568770
whois.namecheap.com,yogsdb.com,258,40023387004,1522566467
whois.register.it,mcfly-italia.com,258,39445632752,1521552558
whois.regtons.com,skebro.net,258,38838463712,1520348287
whois.rightside.co,isakangen.live,258,38838368195,1520348140
whois.nic.one,hydrate.one,258,38838267544,1520347999
whois.nic.site,hydrateone.site,258,38838266618,1520347998
whois.namecheap.com,hydrateoneteam.com,258,38838265642,1520347996
whois.rightside.co,hydrateone.live,258,38838263349,1520347993
whois.namecheap.com,hydrateone.com,258,38838255934,1520347981
whois.afilias-srs.net,hydrateone.eco,258,38838254567,1520347979
whois.nic.review,hydrateone.review,258,38838246003,1520347966
whois.google.com,aprovenwealthstrategy.com,258,38838227497,1520347940
whois.scip.es,agua-kangen.com,258,38838215151,1520347920
whois.nic.download,mywaterdfw.download,258,38838214043,1520347918
whois.namecheap.com,kangensportswater.com,258,38838206449,1520347906
whois.namecheap.com,yourbestkangenwater.com,258,38838178926,1520347869
whois.namecheap.com,proactivekangen.net,258,38838164357,1520347853
whois.namecheap.com,kangenwateralabama.com,258,38838151633,1520347837
whois.nameisp.com,www.kaidee.com,258,38819712171,1520307814
whois.nameisp.com,kaidee.com,258,38819694760,1520307770
whois.nameisp.com,economycarrentals.com,258,38816108394,1520299802
whois.aerotek.com.tr,e-fidan.com,258,38815451686,1520298437
whois.1and1.com,coalitiontechnologies.com,258,38812593999,1520292616
whois.namecheap.com,activecampaign.com,258,38811535378,1520290803
whois.namecheap.com,meghanpatrickmusic.com,258,38811041582,1520289913
whois.directnic.com,davidfrancey.com,258,38811041145,1520289912
whois.namecheap.com,ordstream.com,258,38809006577,1520286303
whois.namebright.com,ealthline.com,258,38809005180,1520286302
whois.namecheap.com,b2bemailexperts.com,258,38808457286,1520285404
whois.namecheap.com,jenneken.com,258,38807088759,1520283434
whois.webnames.ca,ottawacitizen.com,258,38805059668,1520280905
whois.web.com,esbos.com,258,38804322973,1520280010
whois.namecheap.com,emcmethod.com,258,38804316570,1520280002
whois.fabulous.com,oysrus.com,258,38802748715,1520277325
whois.rebel.ca,dartmouthcrossing.com,258,38802741085,1520277313
whois.uniregistrar.com,roquest.com,258,38799168193,1520271016
whois.namecheap.com,rosevibe.com,258,38799161635,1520271005
whois.namecheap.com,amylynnandrews.com,258,38799159328,1520271002
whois.your-server.de,neumannmueller.com,258,38799097115,1520270887
whois.namecheap.com,loadinnovation.com,258,38798841952,1520270463
whois.easydns.com,rocketbuilders.com,258,38796900898,1520267411
whois.webnames.ca,ettravel.com,258,38795196122,1520264705
whois.namebright.com,earst.com,258,38792883335,1520261116
whois.domain.com,aritzia.com,258,38792879327,1520261110
whois.1and1.com,blockgeeks.com,258,38792878703,1520261109
whois.fabulous.com,beginner.com,258,38791770753,1520259305
whois.namecheap.com,miinm.com,258,38791491214,1520258868
whois.namecheap.com,bloggingwizard.com,258,38791188382,1520258407
whois.net-chinese.com.tw,asus.com,258,38791053195,1520258162
whois.namebright.com,etbusiness.com,258,38790737227,1520257511
whois.meshdigital.com,christiankloeppel.com,258,38790522730,1520257086
whois.domain.com,dmanager.com,258,38789937130,1520255861
whois.nic.beauty,fialka.beauty,258,38789769013,1520255566
whois.afilias-srs.net,fialka.beats,258,38789768623,1520255565
whois.nic.bcn,fialka.bcn,258,38789767955,1520255564
whois.nic.bbva,fialka.bbva,258,38789766678,1520255562
whois.nic.bbt,fialka.bbt,258,38789766327,1520255561
whois.nic.bayern,fialka.bayern,258,38789765541,1520255560
whois.nic.bbc,fialka.bbc,258,38789765993,1520255560
whois.nic.bauhaus,fialka.bauhaus,258,38789761968,1520255552
whois.nic.barclays,fialka.barclays,258,38789751674,1520255533
whois.nic.barefoot,fialka.barefoot,258,38789752099,1520255533
whois.nic.barcelona,fialka.barcelona,258,38789751408,1520255532
whois.nic.barclaycard,fialka.barclaycard,258,38789751391,1520255532
whois.nic.bank,fialka.bank,258,38789744831,1520255520
whois.rightside.co,fialka.band,258,38789744604,1520255520
whois.ngtld.cn,fialka.baidu,258,38789744263,1520255519
whois.nic.aw,fialka.aw,258,38789742720,1520255516
whois.afilias-srs.net,fialka.avianca,258,38789742260,1520255515
whois.nic.auspost,fialka.auspost,258,38789741008,1520255513
whois.afilias-srs.net,fialka.audi,258,38789740545,1520255512
whois.unitedtld.com,fialka.auction,258,38789740317,1520255511
whois.rightside.co,fialka.attorney,258,38789739674,1520255510
whois.nic.asda,fialka.asda,258,38789738243,1520255508
whois.nic.arte,fialka.arte,258,38789737045,1520255505
whois.rightside.co,fialka.army,258,38789731240,1520255494
whois.nic.ar,fialka.ar,258,38789730575,1520255492
whois-aquarelle.nic.fr,fialka.aquarelle,258,38789730035,1520255492
whois.nic.google,fialka.app,258,38789729446,1520255491
whois.afilias-srs.net,fialka.apple,258,38789729627,1520255491
whois.nic.aol,fialka.aol,258,38789728984,1520255490
whois.nic.anz,fialka.anz,258,38789728434,1520255489
whois.teleinfo.cn,fialka.anquan,258,38789728303,1520255488
whois.nic.google,fialka.android,258,38789727062,1520255486
whois.nic.amsterdam,fialka.amsterdam,258,38789726697,1520255486
whois.nic.amfam,fialka.amfam,258,38789725951,1520255484
whois.nic.americanfamily,fialka.americanfamily,258,38789725547,1520255484
whois.nic.alstom,fialka.alstom,258,38789724669,1520255482
whois-alsace.nic.fr,fialka.alsace,258,38789723918,1520255481
whois.nic.ally,fialka.ally,258,38789723525,1520255480
whois.nic.alipay,fialka.alipay,258,38789722827,1520255479
whois.afilias-srs.net,fialka.allstate,258,38789723190,1520255479
whois.ksregistry.net,fialka.allfinanz,258,38789723035,1520255479
whois.afilias-srs.net,fialka.alfaromeo,258,38789722406,1520255478
whois.nic.alibaba,fialka.alibaba,258,38789722673,1520255478
whois.afilias-srs.net,fialka.akdn,258,38789722097,1520255477
whois.nic.airtel,fialka.airtel,258,38789721853,1520255477
whois.nic.airbus,fialka.airbus,258,38789721289,1520255476
whois.unitedtld.com,fialka.airforce,258,38789721495,1520255476
whois.afilias-srs.net,fialka.aigo,258,38789721000,1520255475
whois.afilias-srs.net,fialka.agakhan,258,38789720321,1520255474
africa-whois.registry.net.za,fialka.africa,258,38789719808,1520255473
whois.nic.afl,fialka.afl,258,38789718792,1520255472
whois.nic.afamilycompany,fialka.afamilycompany,258,38789718798,1520255471
whois.nic.aeg,fialka.aeg,258,38789718013,1520255470
whois.nic.google,fialka.ads,258,38789717074,1520255468
whois.afilias-srs.net,fialka.adult,258,38789717284,1520255468
whois.afilias-srs.net,fialka.active,258,38789716514,1520255467
whois.unitedtld.com,fialka.actor,258,38789716632,1520255467
whois.nic.accountant,fialka.accountant,258,38789715947,1520255466
whois.afilias-srs.net,fialka.aco,258,38789716358,1520255466
whois.nic.abudhabi,fialka.abudhabi,258,38789714931,1520255464
whois.nic.abc,fialka.abc,258,38789714077,1520255463
whois.nic.abogado,fialka.abogado,258,38789714314,1520255463
whois.afilias-srs.net,fialka.abbvie,258,38789713491,1520255462
whois.afilias-srs.net,fialka.abarth,258,38789713174,1520255461
whois.afilias-srs.net,fialka.abbott,258,38789713320,1520255461
whois.nic.aarp,fialka.aarp,258,38789712948,1520255460
whois.nic.berlin,sale-angels.berlin,258,38789033330,1520254086
whois.uniregistrar.com,rulia.com,258,38788559942,1520253011
whois.namecheap.com,betterdwelling.com,258,38788559301,1520253009
whois.namecheap.com,ro89.com,258,38787949465,1520251654
whois.namecheap.com,Ro89.com,258,38787894262,1520251526
whois.namebright.com,iccode.com,258,38787751501,1520251207
whois.liquidnetlimited.com,mailchilla.com,258,38787748546,1520251202
whois.nicline.com,ylos.com,258,38787355847,1520250313
whois.namecheap.com,formstack.com,258,38786500418,1520248510
whois.cronon.net,hornung.cc,258,38785703734,1520246886
whois.dotarai.com,kapook.com,258,38784355367,1520244149
whois.netart-registrar.com,gryfit.com,258,38784042656,1520243464
whois.namebright.com,langrid.com,258,38783436890,1520242209
whois.isimtescil.net,alaturkahamam.com,258,38782463767,1520240226
whois.isimtescil.net,sitecope.com,258,38782452400,1520240198
whois.aerotek.com.tr,yenihayatmerkezi.com,258,38782451230,1520240195
whois.aerotek.com.tr,cemmermut.com,258,38782450763,1520240194
whois.namescout.com,canadiantechlawblog.com,258,38781350475,1520237702
whois.gocanadadomains.com,kentportali.com,258,38781004704,1520236867
whois.nic.club,mytransfer.club,258,38781002399,1520236861
whois.123-reg.co.uk,wrongfuelinyourcar.com,258,38780103474,1520235103
whois.123-reg.co.uk,vipchinauk.com,258,38780097412,1520235091
whois.123-reg.co.uk,twitter-school.com,258,38780095195,1520235087
whois.123-reg.co.uk,mishconenlighten.com,258,38780075991,1520235055
whois.meshdigital.com,mishcon.tv,258,38780068809,1520235042
whois.123-reg.co.uk,londoncentral1.com,258,38780055909,1520235022
whois.registrar.eu,daxx.com,258,38780042904,1520235001
whois.namecheap.com,yogsdb.com,258,38779215100,1520233668
whois.namecheap.com,imgsir.com,258,38779213108,1520233665
whois.webnames.ca,lindensingers.com,258,38778937317,1520233213
whois.namebright.com,2ssolutions.com,258,38775658801,1520226912
whois.imena.ua,qubit-labs.com,258,38775656906,1520226908
whois.namecheap.com,codecademy.com,258,38775242013,1520226006
whois.web.com,vitorrents.cc,258,38775139500,1520225742
whois.namebright.com,cybergangsta.com,258,38775129196,1520225717
whois.fabulous.com,byhero.com,258,38775128778,1520225715
whois.instra.net,desmix.net,258,38775126525,1520225709
whois.web.com,usenetreg.com,258,38775124290,1520225704
whois.namebright.com,bricojuegos.com,258,38775122351,1520225699
whois.web.com,torrentcd1.com,258,38775118693,1520225690
whois.web.com,freshrls.com,258,38775114196,1520225682
whois.registrar.eu,mega-descarga.net,258,38775110053,1520225672
whois.web.com,dl0second.com,258,38775107722,1520225667
whois.web.com,torrentmobo.com,258,38775100358,1520225649
whois.namebright.com,tpfilmindir.com,258,38775094817,1520225636
